mol_pred_loaded,mol_cond_loaded,sanitization,inchi_convertible,all_atoms_connected,no_radicals,bond_lengths,bond_angles,internal_steric_clash,aromatic_ring_flatness,non-aromatic_ring_non-flatness,double_bond_flatness,internal_energy,protein-ligand_maximum_distance,minimum_distance_to_protein,minimum_distance_to_organic_cofactors,minimum_distance_to_inorganic_cofactors,minimum_distance_to_waters,volume_overlap_with_protein,volume_overlap_with_organic_cofactors,volume_overlap_with_inorganic_cofactors,volume_overlap_with_waters,mol_true_loaded,passes_valence_checks,passes_kekulization,no_radicals_before_sanitization,number_bonds,shortest_bond_relative_length,longest_bond_relative_length,number_short_outlier_bonds,number_long_outlier_bonds,number_angles,most_extreme_relative_angle,number_outlier_angles,number_noncov_pairs,shortest_noncovalent_relative_distance,number_clashes,number_valid_bonds,number_valid_angles,number_valid_noncov_pairs,number_aromatic_rings_checked,number_aromatic_rings_pass,aromatic_ring_maximum_distance_from_plane,number_non-aromatic_rings_checked,number_non-aromatic_rings_pass,non-aromatic_ring_maximum_distance_from_plane,number_double_bonds_checked,number_double_bonds_pass,double_bond_maximum_distance_from_plane,num_h_added,mol_pred_energy,ensemble_avg_energy,energy_ratio,smallest_distance_protein,num_pairwise_clashes_protein,most_extreme_ligand_atom_id_protein,most_extreme_protein_atom_id_protein,most_extreme_ligand_element_protein,most_extreme_protein_element_protein,most_extreme_ligand_vdw_protein,most_extreme_protein_vdw_protein,most_extreme_sum_radii_protein,most_extreme_distance_protein,most_extreme_sum_radii_scaled_protein,most_extreme_relative_distance_protein,most_extreme_clash_protein,smallest_distance_organic_cofactors,not_too_far_away_organic_cofactors,num_pairwise_clashes_organic_cofactors,most_extreme_ligand_atom_id_organic_cofactors,most_extreme_protein_atom_id_organic_cofactors,most_extreme_ligand_element_organic_cofactors,most_extreme_protein_element_organic_cofactors,most_extreme_ligand_vdw_organic_cofactors,most_extreme_protein_vdw_organic_cofactors,most_extreme_sum_radii_organic_cofactors,most_extreme_distance_organic_cofactors,most_extreme_sum_radii_scaled_organic_cofactors,most_extreme_relative_distance_organic_cofactors,most_extreme_clash_organic_cofactors,smallest_distance_inorganic_cofactors,not_too_far_away_inorganic_cofactors,num_pairwise_clashes_inorganic_cofactors,most_extreme_ligand_atom_id_inorganic_cofactors,most_extreme_protein_atom_id_inorganic_cofactors,most_extreme_ligand_element_inorganic_cofactors,most_extreme_protein_element_inorganic_cofactors,most_extreme_ligand_vdw_inorganic_cofactors,most_extreme_protein_vdw_inorganic_cofactors,most_extreme_sum_radii_inorganic_cofactors,most_extreme_distance_inorganic_cofactors,most_extreme_sum_radii_scaled_inorganic_cofactors,most_extreme_relative_distance_inorganic_cofactors,most_extreme_clash_inorganic_cofactors,smallest_distance_waters,not_too_far_away_waters,num_pairwise_clashes_waters,most_extreme_ligand_atom_id_waters,most_extreme_protein_atom_id_waters,most_extreme_ligand_element_waters,most_extreme_protein_element_waters,most_extreme_ligand_vdw_waters,most_extreme_protein_vdw_waters,most_extreme_sum_radii_waters,most_extreme_distance_waters,most_extreme_sum_radii_scaled_waters,most_extreme_relative_distance_waters,most_extreme_clash_waters,volume_overlap_protein,volume_overlap_organic_cofactors,volume_overlap_inorganic_cofactors,volume_overlap_waters
True,True,True,True,True,True,True,True,True,True,True,True,True,True,True,True,True,True,True,True,True,True,False,True,True,True,33,0.9485280242794665,1.0456796143082314,0,0,45,1.0267094268133738,0,387,1.015642341325848,0,33,45,387,2,2,0.007832225242286725,0,0,,0,0,,24,126.9749028771009,91.82447526962588,1.382800201191046,2.7656926546527205,0,2,19,O,C,1.55,1.7,3.25,2.7656926546527205,3.25,0.8509823552777601,False,,False,0,,,,,,,,,,,,,False,0,,,,,,,,,,,,,False,0,,,,,,,,,,,,0.010471204188481676,,,
True,True,True,True,True,True,True,True,True,True,True,True,True,True,True,True,True,True,True,True,True,True,False,True,True,True,33,0.9485487255850861,1.0457046856162464,0,0,45,1.0266904486654214,0,387,1.0010672903438629,0,33,45,387,2,2,0.011871098200215641,0,0,,0,0,,24,132.94485869195933,91.82447526962588,1.44781506566295,2.64304922769138,0,2,2281,O,C,1.55,1.7,3.25,2.64304922769138,3.25,0.8132459162127323,False,,False,0,,,,,,,,,,,,,False,0,,,,,,,,,,,,,False,0,,,,,,,,,,,,0.012521879628382927,,,
True,True,True,True,True,True,True,True,True,True,True,True,True,True,True,True,True,True,True,True,True,True,False,True,True,True,33,0.9485637702239231,1.0456370219129776,0,0,45,1.0266695778478272,0,387,1.0008791215615194,0,33,45,387,2,2,0.007802530576557102,0,0,,0,0,,24,130.2283482830266,91.82447526962588,1.418231336477935,2.8509179469076305,0,5,1341,O,C,1.55,1.7,3.25,2.8509179469076305,3.25,0.8772055221254248,False,,False,0,,,,,,,,,,,,,False,0,,,,,,,,,,,,,False,0,,,,,,,,,,,,0.012654819601507808,,,
True,True,True,True,True,True,True,True,True,True,True,True,True,True,True,True,True,True,True,True,True,True,False,True,True,True,33,0.9485883797995122,1.045666771149438,0,0,45,1.0267148876055192,0,387,1.0023283963412093,0,33,45,387,2,2,0.011858181811870126,0,0,,0,0,,24,129.1944221145463,91.82447526962588,1.4069715262209816,2.933964229502468,0,23,2282,C,O,1.7,1.55,3.25,2.933964229502468,3.25,0.9027582244622979,False,,False,0,,,,,,,,,,,,,False,0,,,,,,,,,,,,,False,0,,,,,,,,,,,,0.007530930607853685,,,
True,True,True,True,True,True,True,True,True,True,True,True,True,True,True,True,True,True,True,True,True,True,False,True,True,True,33,0.9485486700791242,1.0456655863001996,0,0,45,1.0267148667926476,0,387,0.9815535601399231,0,33,45,387,2,2,0.01186694033511564,0,0,,0,0,,24,137.2149042308941,91.82447526962588,1.4943173247436206,2.5479592010077403,0,2,26,O,O,1.55,1.55,3.1,2.5479592010077403,3.1,0.8219223229057226,False,,False,0,,,,,,,,,,,,,False,0,,,,,,,,,,,,,False,0,,,,,,,,,,,,0.013584398117014122,,,
True,True,True,True,True,True,True,True,True,True,True,True,True,True,True,True,True,True,True,True,True,True,False,True,True,True,33,0.9485057444967148,1.0456567871250508,0,0,45,1.0267181821046332,0,387,1.0072594069275393,0,33,45,387,2,2,0.007856861238043956,0,0,,0,0,,24,123.7122139467076,91.82447526962588,1.3472684007553453,2.968595577036388,0,2,502,O,C,1.55,1.7,3.25,2.968595577036388,3.25,0.913414023703504,False,,False,0,,,,,,,,,,,,,False,0,,,,,,,,,,,,,False,0,,,,,,,,,,,,0.008718980549966466,,,
True,True,True,True,True,True,True,True,True,True,True,True,True,True,True,True,True,True,True,True,True,True,False,True,True,True,33,0.9485002650014611,1.0456619249773633,0,0,45,1.0267251491679683,0,387,1.0039071498677146,0,33,45,387,2,2,0.011857407449101937,0,0,,0,0,,24,128.7032231848739,91.82447526962588,1.4016222015640196,2.747312747031178,0,5,1343,O,C,1.55,1.7,3.25,2.747312747031178,3.25,0.8453269990865162,False,,False,0,,,,,,,,,,,,,False,0,,,,,,,,,,,,,False,0,,,,,,,,,,,,0.012551742555748431,,,
True,True,True,True,True,True,True,True,True,True,True,True,True,True,True,True,True,True,True,True,True,True,False,True,True,True,33,0.9485130583708689,1.0456719402012948,0,0,45,1.0267033433335773,0,387,0.9787405096812121,0,33,45,387,2,2,0.007848187763272509,0,0,,0,0,,24,129.92275461987796,91.82447526962588,1.4149033167723901,2.6070929519294093,0,5,2159,O,N,1.55,1.6,3.1500000000000004,2.6070929519294093,3.1500000000000004,0.8276485561680663,False,,False,0,,,,,,,,,,,,,False,0,,,,,,,,,,,,,False,0,,,,,,,,,,,,0.009898341359015517,,,
True,True,True,True,True,True,True,True,True,True,True,True,True,True,True,True,True,True,True,True,True,True,False,True,True,True,33,0.9485243978040399,1.0456680653678414,0,0,45,1.0267021942759673,0,387,1.0021486098186232,0,33,45,387,2,2,0.01183379671241529,0,0,,0,0,,24,125.13491646212728,91.82447526962588,1.3627621186474668,2.6928259672693318,0,2,19,O,C,1.55,1.7,3.25,2.6928259672693318,3.25,0.8285618360828713,False,,False,0,,,,,,,,,,,,,False,0,,,,,,,,,,,,,False,0,,,,,,,,,,,,0.01424731182795699,,,
True,True,True,True,True,True,True,True,True,True,True,True,True,True,True,True,True,True,True,True,True,True,False,True,True,True,33,0.9485718607154688,1.0456189985263389,0,0,45,1.0267091874640282,0,387,1.008431268315095,0,33,45,387,2,2,0.011885207816245772,0,0,,0,0,,24,129.30554278212878,91.82447526962588,1.408181668367247,2.449263840422261,0,2,2282,O,O,1.55,1.55,3.1,2.449263840422261,3.1,0.7900851098136326,False,,False,0,,,,,,,,,,,,,False,0,,,,,,,,,,,,,False,0,,,,,,,,,,,,0.0124966406879871,,,
True,True,True,True,True,True,True,True,True,True,True,True,True,True,True,True,True,True,True,True,True,True,False,True,True,True,33,0.9485308921456257,1.0457081254528087,0,0,45,1.026688953570681,0,387,1.0058063646446147,0,33,45,387,2,2,0.007823566692007525,0,0,,0,0,,24,124.89048053635054,91.82447526962588,1.3601001276580382,2.8106153027406626,0,2,501,O,O,1.55,1.55,3.1,2.8106153027406626,3.1,0.9066500976582782,False,,False,0,,,,,,,,,,,,,False,0,,,,,,,,,,,,,False,0,,,,,,,,,,,,0.009827679052234787,,,
True,True,True,True,True,True,True,True,True,True,True,True,True,True,True,True,True,True,True,True,True,True,False,True,True,True,33,0.9485624381010886,1.0456425947510373,0,0,45,1.0267172836847596,0,387,0.9810907953658597,0,33,45,387,2,2,0.011842961858255176,0,0,,0,0,,24,135.506502700332,91.82447526962588,1.4757122466797854,2.9903695908700003,0,3,19,C,C,1.7,1.7,3.4,3.030252276626486,3.4,0.8912506695960254,False,,False,0,,,,,,,,,,,,,False,0,,,,,,,,,,,,,False,0,,,,,,,,,,,,0.01047401638243588,,,
True,True,True,True,True,True,True,True,True,True,True,True,True,True,True,True,True,True,True,True,True,True,False,True,True,True,33,0.9485695559499966,1.045693519740265,0,0,45,1.026694355500734,0,387,1.0156250924602122,0,33,45,387,2,2,0.00783754339111286,0,0,,0,0,,24,131.18764225071655,91.82447526962588,1.4286783764950237,2.4878853389977635,0,2,2282,O,O,1.55,1.55,3.1,2.4878853389977635,3.1,0.8025436577412141,False,,False,0,,,,,,,,,,,,,False,0,,,,,,,,,,,,,False,0,,,,,,,,,,,,0.013537059375418844,,,
True,True,True,True,True,True,True,True,True,True,True,True,True,True,True,True,True,True,True,True,True,True,False,True,True,True,33,0.9485147288972726,1.0456429410993398,0,0,45,1.026715383645547,0,387,1.0029631769918108,0,33,45,387,2,2,0.007854798946757566,0,0,,0,0,,24,131.73889659583477,91.82447526962588,1.4346817252046087,2.7048469938242343,0,11,2331,O,C,1.55,1.7,3.25,2.7612050177413487,3.25,0.849601543920415,False,,False,0,,,,,,,,,,,,,False,0,,,,,,,,,,,,,False,0,,,,,,,,,,,,0.009413663259817106,,,
True,True,True,True,True,True,True,True,True,True,True,True,True,True,True,True,True,True,True,True,True,True,False,True,True,True,33,0.9485738668083821,1.0456696147821316,0,0,45,1.0267101023679222,0,387,1.002642562571604,0,33,45,387,2,2,0.011846877137368853,0,0,,0,0,,24,126.181939132358,91.82447526962588,1.3741645542960923,2.785959378741913,0,5,1343,O,C,1.55,1.7,3.25,2.841315198987964,3.25,0.8742508304578351,False,,False,0,,,,,,,,,,,,,False,0,,,,,,,,,,,,,False,0,,,,,,,,,,,,0.013567974207415368,,,
True,True,True,True,True,True,True,True,True,True,True,True,True,True,True,True,True,True,True,True,True,True,False,True,True,True,33,0.948577093992424,1.0456751978626624,0,0,45,1.0266918466290684,0,387,1.004831928056664,0,33,45,387,2,2,0.007835273565615244,0,0,,0,0,,24,133.99153334778114,91.82447526962588,1.459213711315413,2.485935795631096,0,2,2282,O,O,1.55,1.55,3.1,2.485935795631096,3.1,0.8019147727842245,False,,False,0,,,,,,,,,,,,,False,0,,,,,,,,,,,,,False,0,,,,,,,,,,,,0.021051220166264414,,,
True,True,True,True,True,True,True,True,True,True,True,True,True,True,True,True,True,True,True,True,True,True,False,True,True,True,33,0.9485183395503163,1.0456451077267115,0,0,45,1.0267499020661373,0,387,1.00221547655167,0,33,45,387,2,2,0.007833910138800816,0,0,,0,0,,24,127.52986079799885,91.82447526962588,1.388843883109929,2.763099681517113,0,15,534,N,O,1.6,1.55,3.1500000000000004,2.763099681517113,3.1500000000000004,0.8771745020689247,False,,False,0,,,,,,,,,,,,,False,0,,,,,,,,,,,,,False,0,,,,,,,,,,,,0.00884362856760016,,,
True,True,True,True,True,True,True,True,True,True,True,True,True,True,True,True,True,True,True,True,True,True,False,True,True,True,33,0.9485072379378318,1.04564962065128,0,0,45,1.0266752279095124,0,387,1.0014387505675704,0,33,45,387,2,2,0.007842462947432748,0,0,,0,0,,24,128.88475845488372,91.82447526962588,1.4035991828587864,2.746035735382919,0,2,19,O,C,1.55,1.7,3.25,2.746035735382919,3.25,0.8449340724255135,False,,False,0,,,,,,,,,,,,,False,0,,,,,,,,,,,,,False,0,,,,,,,,,,,,0.014253059029178432,,,
True,True,True,True,True,True,True,True,True,True,True,True,True,True,True,True,True,True,True,True,True,True,False,True,True,True,33,0.9485027417478099,1.0456987355315923,0,0,45,1.0267506114137992,0,387,0.9777700904588275,0,33,45,387,2,2,0.007803131781918621,0,0,,0,0,,24,138.7286278482019,91.82447526962588,1.5108022936243362,2.882961890140067,0,2,19,O,C,1.55,1.7,3.25,2.952118876332728,3.25,0.9083442696408395,False,,False,0,,,,,,,,,,,,,False,0,,,,,,,,,,,,,False,0,,,,,,,,,,,,0.0077862800375889385,,,
True,True,True,True,True,True,True,True,True,True,True,True,True,True,True,True,True,True,True,True,True,True,False,True,True,True,33,0.9485361441508459,1.0456495034665236,0,0,45,1.0267155059211115,0,387,1.0015254437012446,0,33,45,387,2,2,0.007830718418227927,0,0,,0,0,,24,124.96008717735359,91.82447526962588,1.3608581678297753,2.972411282107512,0,4,19,N,C,1.6,1.7,3.3,2.972411282107512,3.3,0.900730691547731,False,,False,0,,,,,,,,,,,,,False,0,,,,,,,,,,,,,False,0,,,,,,,,,,,,0.009798657718120805,,,
True,True,True,True,True,True,True,True,True,True,True,True,True,True,True,True,True,True,True,True,True,True,False,True,True,True,33,0.9485541387222536,1.045670606926883,0,0,45,1.0266967897855024,0,387,0.9820899548192559,0,33,45,387,2,2,0.011829589044940447,0,0,,0,0,,24,138.11189946933243,91.82447526962588,1.5040859102520536,2.7589015948380604,0,11,2331,O,C,1.55,1.7,3.25,2.7589015948380604,3.25,0.848892798411711,False,,False,0,,,,,,,,,,,,,False,0,,,,,,,,,,,,,False,0,,,,,,,,,,,,0.016853175138196036,,,
True,True,True,True,True,True,True,True,True,True,True,True,True,True,True,True,True,True,True,True,True,True,False,True,True,True,33,0.9485228145206985,1.0456619406018106,0,0,45,1.0266993914372236,0,387,1.0156310496341037,0,33,45,387,2,2,0.011849839797386862,0,0,,0,0,,24,127.98167199997523,91.82447526962588,1.3937642619157944,2.8862396712677882,0,9,22,C,C,1.7,1.7,3.4,2.990953653937151,3.4,0.8796922511579855,False,,False,0,,,,,,,,,,,,,False,0,,,,,,,,,,,,,False,0,,,,,,,,,,,,0.015486129814166442,,,
True,True,True,True,True,True,True,True,True,True,True,True,True,True,True,True,True,True,True,True,True,True,False,True,True,True,33,0.9485173456969722,1.0457039096333867,0,0,45,1.0266553992214984,0,387,1.0009746861660285,0,33,45,387,2,2,0.011814090552674881,0,0,,0,0,,24,126.0207218228058,91.82447526962588,1.3724088425528036,2.860854620563583,0,15,0,N,N,1.6,1.6,3.2,2.860854620563583,3.2,0.8940170689261197,False,,False,0,,,,,,,,,,,,,False,0,,,,,,,,,,,,,False,0,,,,,,,,,,,,0.009534040553242917,,,
True,True,True,True,True,True,True,True,True,True,True,True,True,True,True,True,True,True,True,True,True,True,False,True,True,True,33,0.9485309555821974,1.0456647295622195,0,0,45,1.0267017641378449,0,387,0.9784603368200985,0,33,45,387,2,2,0.007794623925246992,0,0,,0,0,,24,133.65648851370443,91.82447526962588,1.4555649582668069,2.6042563679484374,0,13,534,N,O,1.6,1.55,3.1500000000000004,2.6042563679484374,3.1500000000000004,0.8267480533169642,False,,False,0,,,,,,,,,,,,,False,0,,,,,,,,,,,,,False,0,,,,,,,,,,,,0.010651206687339895,,,
True,True,True,True,True,True,True,True,True,True,True,True,True,True,True,True,True,True,True,True,True,True,False,True,True,True,33,0.9485493520092776,1.045631324045974,0,0,45,1.0267052407934405,0,387,1.0065453892686103,0,33,45,387,2,2,0.007865930024863339,0,0,,0,0,,24,133.1813858523685,91.82447526962588,1.4503909274875306,2.8002330813701892,0,23,26,C,O,1.7,1.55,3.25,2.8002330813701892,3.25,0.8616101788831352,False,,False,0,,,,,,,,,,,,,False,0,,,,,,,,,,,,,False,0,,,,,,,,,,,,0.011601241062997437,,,
True,True,True,True,True,True,True,True,True,True,True,True,True,True,True,True,True,True,True,True,True,True,False,True,True,True,33,0.9485514533025998,1.0456532455598464,0,0,45,1.0266951828286595,0,387,0.9779659429912824,0,33,45,387,2,2,0.007800390067208182,0,0,,0,0,,24,130.5278504469867,91.82447526962588,1.421493017670021,2.7503084081607994,0,5,1340,O,C,1.55,1.7,3.25,2.7750472518499585,3.25,0.8538606928769104,False,,False,0,,,,,,,,,,,,,False,0,,,,,,,,,,,,,False,0,,,,,,,,,,,,0.019463087248322148,,,
True,True,True,True,True,True,True,True,True,True,True,True,True,True,True,True,True,True,True,True,True,True,False,True,True,True,33,0.9485731320343961,1.045588427589727,0,0,45,1.026682359170918,0,387,1.001667965394823,0,33,45,387,2,2,0.007835043481718996,0,0,,0,0,,24,133.7682435839967,91.82447526962588,1.4567820092759647,2.9020972089163375,0,11,2159,O,N,1.55,1.6,3.1500000000000004,2.9020972089163375,3.1500000000000004,0.9213007012432817,False,,False,0,,,,,,,,,,,,,False,0,,,,,,,,,,,,,False,0,,,,,,,,,,,,0.010638297872340425,,,
True,True,True,True,True,True,True,True,True,True,True,True,True,True,True,True,True,True,True,True,True,True,False,True,True,True,33,0.9485492753582392,1.0456829162140786,0,0,45,1.0266628194139351,0,387,0.9822150440245929,0,33,45,387,2,2,0.007835919474574696,0,0,,0,0,,24,129.18096492494448,91.82447526962588,1.4068249728150153,2.8387442029883543,0,5,1343,O,C,1.55,1.7,3.25,2.8387442029883543,3.25,0.8734597547656475,False,,False,0,,,,,,,,,,,,,False,0,,,,,,,,,,,,,False,0,,,,,,,,,,,,0.010507880910683012,,,
True,True,True,True,True,True,True,True,True,True,True,True,True,True,True,True,True,True,True,True,True,True,False,True,True,True,33,0.9485453027114149,1.0456018159938953,0,0,45,1.026692386908549,0,387,1.0048820336810897,0,33,45,387,2,2,0.011824771091233213,0,0,,0,0,,24,129.04122234833628,91.82447526962588,1.405303128271958,2.667906904297821,0,5,1355,O,O,1.55,1.55,3.1,2.667906904297821,3.1,0.8606151304186519,False,,False,0,,,,,,,,,,,,,False,0,,,,,,,,,,,,,False,0,,,,,,,,,,,,0.012216404886561954,,,
True,True,True,True,True,True,True,True,True,True,True,True,True,True,True,True,True,True,True,True,True,True,False,True,True,True,33,0.9485780745678764,1.0457031362539198,0,0,45,1.0266847674672719,0,387,1.0021811396543672,0,33,45,387,2,2,0.011887266403674584,0,0,,0,0,,24,125.78360326198906,91.82447526962588,1.369826540175137,2.6163478534017615,0,5,7,O,N,1.55,1.6,3.1500000000000004,2.6163478534017615,3.1500000000000004,0.8305866201275433,False,,False,0,,,,,,,,,,,,,False,0,,,,,,,,,,,,,False,0,,,,,,,,,,,,0.00927294718451821,,,
True,True,True,True,True,True,True,True,True,True,True,True,True,True,True,True,True,True,True,True,True,True,False,True,True,True,33,0.9485162276107109,1.045672205814348,0,0,45,1.0267188932086082,0,387,1.0043407613430526,0,33,45,387,2,2,0.011839180597460322,0,0,,0,0,,24,126.94469153913691,91.82447526962588,1.3824711893684871,2.8803225427024675,0,8,2329,O,C,1.55,1.7,3.25,2.8803225427024675,3.25,0.8862530900622977,False,,False,0,,,,,,,,,,,,,False,0,,,,,,,,,,,,,False,0,,,,,,,,,,,,0.012727759914255092,,,
True,True,True,True,True,True,True,True,True,True,True,True,True,True,True,True,True,True,True,True,True,True,False,True,True,True,33,0.9485590575666922,1.0456882596547576,0,0,45,1.026678173907855,0,387,0.9778235612354589,0,33,45,387,2,2,0.011855583919710491,0,0,,0,0,,24,134.74141338303926,91.82447526962588,1.467380161851136,2.6388739454547654,0,11,1355,O,O,1.55,1.55,3.1,2.6388739454547654,3.1,0.8512496598241178,False,,False,0,,,,,,,,,,,,,False,0,,,,,,,,,,,,,False,0,,,,,,,,,,,,0.015744852644327817,,,
True,True,True,True,True,True,True,True,True,True,True,True,True,True,True,True,True,True,True,True,True,True,False,True,True,True,33,0.9485157809044829,1.0456908115807306,0,0,45,1.0266817139512028,0,387,1.0042879702305632,0,33,45,387,2,2,0.007839753483135507,0,0,,0,0,,24,130.39133817146882,91.82447526962588,1.4200063522127229,2.6305734831021157,0,15,2159,N,N,1.6,1.6,3.2,2.658544103452116,3.2,0.8307950323287862,False,,False,0,,,,,,,,,,,,,False,0,,,,,,,,,,,,,False,0,,,,,,,,,,,,0.013549771934531794,,,
True,True,True,True,True,True,True,True,True,True,True,True,True,True,True,True,True,True,True,True,True,True,False,True,True,True,33,0.9485836699075865,1.045641876012849,0,0,45,1.026715668087972,0,387,1.0014746803811985,0,33,45,387,2,2,0.007818170906924434,0,0,,0,0,,24,135.23136359051196,91.82447526962588,1.4727158874954596,2.8426547257801076,0,1,19,N,C,1.6,1.7,3.3,2.9390654892329326,3.3,0.8906259058281615,False,,False,0,,,,,,,,,,,,,False,0,,,,,,,,,,,,,False,0,,,,,,,,,,,,0.013326154260331135,,,
True,True,True,True,True,True,True,True,True,True,True,True,True,True,True,True,True,True,True,True,True,True,False,True,True,True,33,0.9485439309153288,1.0456155245420975,0,0,45,1.0267285641737796,0,387,1.0109795803762387,0,33,45,387,2,2,0.007824299103542487,0,0,,0,0,,24,134.18633717945926,91.82447526962588,1.461335191793315,2.6043329837023528,0,15,534,N,O,1.6,1.55,3.1500000000000004,2.6043329837023528,3.1500000000000004,0.8267723757785246,False,,False,0,,,,,,,,,,,,,False,0,,,,,,,,,,,,,False,0,,,,,,,,,,,,0.014093959731543624,,,
True,True,True,True,True,True,True,True,True,True,True,True,True,True,True,True,True,True,True,True,True,True,False,True,True,True,33,0.9485591844360676,1.0456828771537352,0,0,45,1.0267037188366515,0,387,0.9930104081161701,0,33,45,387,2,2,0.011872960348194964,0,0,,0,0,,24,129.26828018174064,91.82447526962588,1.4077758658807233,3.0131663810682636,0,3,19,C,C,1.7,1.7,3.4,3.0706137676366896,3.4,0.9031216963637323,False,,False,0,,,,,,,,,,,,,False,0,,,,,,,,,,,,,False,0,,,,,,,,,,,,0.009402283411685695,,,
True,True,True,True,True,True,True,True,True,True,True,True,True,True,True,True,True,True,True,True,True,True,False,True,True,True,33,0.9485407115479498,1.0456994594386655,0,0,45,1.0267184960310844,0,387,1.0008420492197478,0,33,45,387,2,2,0.0078058872220061306,0,0,,0,0,,24,127.38922455304689,91.82447526962588,1.387312306212386,2.8543810484937047,0,5,1343,O,C,1.55,1.7,3.25,2.8543810484937047,3.25,0.8782710918442168,False,,False,0,,,,,,,,,,,,,False,0,,,,,,,,,,,,,False,0,,,,,,,,,,,,0.010328638497652582,,,
True,True,True,True,True,True,True,True,True,True,True,True,True,True,True,True,True,True,True,True,True,True,False,True,True,True,33,0.9485552409050901,1.0456324099764025,0,0,45,1.0267009177364994,0,387,1.0024873415088178,0,33,45,387,2,2,0.007831382610245076,0,0,,0,0,,24,123.62894632352891,91.82447526962588,1.3463615878066821,2.8401223019440547,0,2,2331,O,C,1.55,1.7,3.25,2.8401223019440547,3.25,0.8738837852135553,False,,False,0,,,,,,,,,,,,,False,0,,,,,,,,,,,,,False,0,,,,,,,,,,,,0.009010220548682087,,,
True,True,True,True,True,True,True,True,True,True,True,True,True,True,True,True,True,True,True,True,True,True,False,True,True,True,33,0.9485259784415357,1.04564901129041,0,0,45,1.0266787653613179,0,387,1.0021661529636041,0,33,45,387,2,2,0.011859338878422662,0,0,,0,0,,24,132.4019131409692,91.82447526962588,1.441902202568488,2.754340091564583,0,2,2331,O,C,1.55,1.7,3.25,2.754340091564583,3.25,0.8474892589429486,False,,False,0,,,,,,,,,,,,,False,0,,,,,,,,,,,,,False,0,,,,,,,,,,,,0.011270629276801288,,,
True,True,True,True,True,True,True,True,True,True,True,True,True,True,True,True,True,True,True,True,True,True,False,True,True,True,33,0.9485234858965962,1.0456123786753404,0,0,45,1.0266946312767862,0,387,0.9784066259023785,0,33,45,387,2,2,0.007873618753395862,0,0,,0,0,,24,131.26940429533946,91.82447526962588,1.4295687931773169,2.8488478530802577,0,5,1340,O,C,1.55,1.7,3.25,2.8723285745192872,3.25,0.8837934075443961,False,,False,0,,,,,,,,,,,,,False,0,,,,,,,,,,,,,False,0,,,,,,,,,,,,0.008633481721300419,,,
True,True,True,True,True,True,True,True,True,True,True,True,True,True,True,True,True,True,True,True,True,True,False,True,True,True,33,0.9485504145506346,1.0455979409005691,0,0,45,1.0266947223348988,0,387,0.9803806670996363,0,33,45,387,2,2,0.007866791841422305,0,0,,0,0,,24,135.70116541455442,91.82447526962588,1.47783219034024,2.920573643995301,0,21,2329,C,C,1.7,1.7,3.4,3.021913225094324,3.4,0.8887980073806836,False,,False,0,,,,,,,,,,,,,False,0,,,,,,,,,,,,,False,0,,,,,,,,,,,,0.010184937014205307,,,
True,True,True,True,True,True,True,True,True,True,True,True,True,True,True,True,True,True,True,True,True,True,False,True,True,True,33,0.9485801678684094,1.0456002951256462,0,0,45,1.0267001823380415,0,387,1.0081368570755997,0,33,45,387,2,2,0.007821530836990715,0,0,,0,0,,24,127.94766057552141,91.82447526962588,1.3933938658492342,2.9195834052138383,0,25,532,C,C,1.7,1.7,3.4,2.951593965978383,3.4,0.8681158723465833,False,,False,0,,,,,,,,,,,,,False,0,,,,,,,,,,,,,False,0,,,,,,,,,,,,0.011172432359671558,,,
True,True,True,True,True,True,True,True,True,True,True,True,True,True,True,True,True,True,True,True,True,True,False,True,True,True,33,0.9485209034756805,1.0456497847099107,0,0,45,1.026671192649907,0,387,1.0021619305397431,0,33,45,387,2,2,0.007842531290406875,0,0,,0,0,,24,130.2052704623375,91.82447526962588,1.4179800111028502,2.829529370761154,0,23,2282,C,O,1.7,1.55,3.25,2.829529370761154,3.25,0.8706244217726629,False,,False,0,,,,,,,,,,,,,False,0,,,,,,,,,,,,,False,0,,,,,,,,,,,,0.010049577917727455,,,
True,True,True,True,True,True,True,True,True,True,True,True,True,True,True,True,True,True,True,True,True,True,False,True,True,True,33,0.9485197589613987,1.0456504513606044,0,0,45,1.0266881002209671,0,387,1.0016986700344062,0,33,45,387,2,2,0.007813044228450102,0,0,,0,0,,24,126.74264746924042,91.82447526962588,1.3802708602154674,2.4354588828391264,0,5,1355,O,O,1.55,1.55,3.1,2.4354588828391264,3.1,0.7856318976900407,False,,False,0,,,,,,,,,,,,,False,0,,,,,,,,,,,,,False,0,,,,,,,,,,,,0.020550705171255877,,,
True,True,True,True,True,True,True,True,True,True,True,True,True,True,True,True,True,True,True,True,True,True,False,True,True,True,33,0.9485336754212611,1.0456290740570318,0,0,45,1.0267091258922683,0,387,1.0010588893647672,0,33,45,387,2,2,0.011870636328161892,0,0,,0,0,,24,125.86603666368244,91.82447526962588,1.3707242681659733,2.881574533132887,0,11,2329,O,C,1.55,1.7,3.25,2.881574533132887,3.25,0.8866383178870421,False,,False,0,,,,,,,,,,,,,False,0,,,,,,,,,,,,,False,0,,,,,,,,,,,,0.009809191077667295,,,
True,True,True,True,True,True,True,True,True,True,True,True,True,True,True,True,True,True,True,True,True,True,False,True,True,True,33,0.9485400190389216,1.0456491987861019,0,0,45,1.0266976500657325,0,387,1.0076971785579518,0,33,45,387,2,2,0.007806436730724706,0,0,,0,0,,24,126.79738613441066,91.82447526962588,1.3808669830357667,2.9287562701597376,0,15,0,N,N,1.6,1.6,3.2,2.9287562701597376,3.2,0.9152363344249179,False,,False,0,,,,,,,,,,,,,False,0,,,,,,,,,,,,,False,0,,,,,,,,,,,,0.01050363587395637,,,
True,True,True,True,True,True,True,True,True,True,True,True,True,True,True,True,True,True,True,True,True,True,False,True,True,True,33,0.9485168196943763,1.0456219933310764,0,0,45,1.0266749356507539,0,387,1.0096421591086133,0,33,45,387,2,2,0.007816049095904354,0,0,,0,0,,24,141.45091372196725,91.82447526962588,1.5404489196003828,2.8582342976040334,0,2,19,O,C,1.55,1.7,3.25,2.8582342976040334,3.25,0.8794567069550872,False,,False,0,,,,,,,,,,,,,False,0,,,,,,,,,,,,,False,0,,,,,,,,,,,,0.012901491734981858,,,
True,True,True,True,True,True,True,True,True,True,True,True,True,True,True,True,True,True,True,True,True,True,False,True,True,True,33,0.9485038466336365,1.0456715834463919,0,0,45,1.0266698336839901,0,387,1.0031389271319309,0,33,45,387,2,2,0.007804607073651407,0,0,,0,0,,24,127.30690456298251,91.82447526962588,1.386415813313051,2.792949956587124,0,22,1355,C,O,1.7,1.55,3.25,2.792949956587124,3.25,0.8593692174114227,False,,False,0,,,,,,,,,,,,,False,0,,,,,,,,,,,,,False,0,,,,,,,,,,,,0.013189771197846568,,,
