pose_id,score,rmsd,d_rel,rmsd_band
1,-1.28039,13.327538799745048,0.8509823327094858,>=3.0
2,-6.3561,11.365498649776196,0.8132463421115657,>=3.0
3,-4.45179,5.123980889831151,0.8772051800811131,>=3.0
4,-5.92066,12.168230746258619,0.9027579621814102,>=3.0
5,-12.4622,7.011702568356474,0.8219223261706429,>=3.0
6,-7.83286,5.944331205361313,0.9134139745755685,>=3.0
7,-9.77284,4.26575232422288,0.8453267906456514,>=3.0
8,-8.17908,3.5783947954715765,0.8276487217711485,>=3.0
9,-8.15471,12.808342453210317,0.8285620684399261,>=3.0
10,-4.02831,1.0622873991472819,0.8889235929520236,<=2.0
11,-1.63705,10.835889637740426,0.7900851376207806,>=3.0
12,-7.98142,6.544881701831421,0.9066502377381338,>=3.0
13,-8.36674,12.399074481602351,0.8912503533344981,>=3.0
14,-4.3124,10.861573266633687,0.8025433105198986,>=3.0
15,-7.53586,6.428429428792676,0.8496019364417603,>=3.0
16,-5.896,2.207318688568378,0.893006677199026,2.0-3.0
17,-7.34045,4.791583869695134,0.8742503910656894,>=3.0
18,-9.5454,10.665561753954611,0.8019143217320127,>=3.0
19,-5.39714,5.240288289902601,0.8771747342463486,>=3.0
20,-6.31651,12.732340243887965,0.8449341378882711,>=3.0
21,-8.02641,13.524631893279377,0.90834401320184,>=3.0
22,-12.3238,12.164405499520896,0.900730513223505,>=3.0
23,-11.6908,6.206789492524789,0.8488930744931193,>=3.0
24,-9.24929,12.442272425991188,0.8796928052955914,>=3.0
25,-8.65404,6.762754389300265,0.894017550045976,>=3.0
26,-7.64608,3.1131628195920498,0.8267479620349714,>=3.0
27,-4.17358,11.513854862995672,0.8616100742969904,>=3.0
28,-13.2078,5.24099541044047,0.8538609578471109,>=3.0
29,-3.32868,10.94642420277493,0.9213006403054211,>=3.0
30,-10.3542,5.734244093249584,0.873459418019477,>=3.0
31,-4.80518,7.397842093497442,0.8606147833108946,>=3.0
32,-6.81787,13.324179784923636,0.8305867617087768,>=3.0
33,-8.96523,5.931124618457905,0.8862530045287161,>=3.0
34,-8.3768,12.270086686985103,0.8512492825980176,>=3.0
35,-3.53497,11.811384287667883,0.8307953391744333,>=3.0
36,-11.7887,12.76816053125647,0.8906256465087432,>=3.0
37,-7.08241,12.072559753891897,0.8267726212008968,>=3.0
38,-9.25439,12.043758257007065,0.903121527863213,>=3.0
39,-8.74958,5.815945983908545,0.878270773790952,>=3.0
40,-6.85464,12.073691209322215,0.8738841856441752,>=3.0
41,-7.67775,11.95071886332879,0.8474896273662781,>=3.0
42,-7.80009,5.777907287245097,0.8837935464362291,>=3.0
43,-5.04924,5.920751043629951,0.8887977903047942,>=3.0
44,2.13362,11.2413927841303,0.8681156215031376,>=3.0
45,-5.9218,12.866347831480585,0.8706241859808321,>=3.0
46,-4.08608,6.197309463088828,0.7856314103933344,>=3.0
47,-4.07146,5.683019150291564,0.8866383226071493,>=3.0
48,-12.2064,5.990838166788113,0.9152370731509804,>=3.0
49,-5.10035,12.291997460818733,0.8794567734987104,>=3.0
50,-6.7006,11.197867306365428,0.8593687620375708,>=3.0
